Name ;Comment URL;content;Date;"emocion";content_global;tokens;lemas;content_clasico;content_transformers
Angie Durand Flores;https://www.tiktok.com/@angiedurandflores5/video/7354011532155489541?comment_id=7354026137057985285;la depresión es una enfermedad que no se va, siempre está ahí, como una sombra, solo de aprende a vivir con eso 🥺;2024-04-04 14:57:30;"Tristeza";la depresión es una enfermedad que no se va, siempre está ahí, como una sombra, solo de aprende a vivir con eso emoji_cara_suplicante;['la', 'depresión', 'es', 'una', 'enfermedad', 'que', 'no', 'se', 'va', 'siempre', 'está', 'ahí', 'como', 'una', 'sombra', 'solo', 'de', 'aprende', 'a', 'vivir', 'con', 'eso', 'emoji_cara_suplicante'];['depresión', 'enfermedad', 'no', 'siempre', 'sombra', 'aprender', 'vivir', 'emoji_cara_suplicante'];depresión enfermedad no siempre sombra aprender vivir emoji_cara_suplicante;la depresión es una enfermedad que no se va, siempre está ahí, como una sombra, solo de aprende a vivir con eso emoji_cara_suplicante
Isaac Yluquiz Contre;https://www.tiktok.com/@pedrito598/video/7354011532155489541?comment_id=7354032082915689222;estoy dejando mi vida en la ruina no tengo necesidad de querer hacer nada estoy dejando de lado mis sueños y sinceramente es como si ya no quisera;2024-04-04 15:20:32;"Tristeza";estoy dejando mi vida en la ruina no tengo necesidad de querer hacer nada estoy dejando de lado mis sueños y sinceramente es como si ya no quisera;['estoy', 'dejando', 'mi', 'vida', 'en', 'la', 'ruina', 'no', 'tengo', 'necesidad', 'de', 'querer', 'hacer', 'nada', 'estoy', 'dejando', 'de', 'lado', 'mis', 'sueños', 'y', 'sinceramente', 'es', 'como', 'si', 'ya', 'no', 'quisera'];['dejar', 'vida', 'ruina', 'no', 'necesidad', 'querer', 'nada', 'dejar', 'sueño', 'sinceramente', 'si', 'no', 'quiserar'];dejar vida ruina no necesidad querer nada dejar sueño sinceramente si no quiserar;estoy dejando mi vida en la ruina no tengo necesidad de querer hacer nada estoy dejando de lado mis sueños y sinceramente es como si ya no quisera
skudexa;https://www.tiktok.com/@skudexa0/video/7354011532155489541?comment_id=7354036545680245509;🥺🥺🥺;2024-04-04 15:37:51;"Tristeza";emoji_cara_suplicante emoji_cara_suplicante emoji_cara_suplicante;['emoji_cara_suplicante', 'emoji_cara_suplicante', 'emoji_cara_suplicante'];['emoji_cara_suplicante', 'emoji_cara_suplicante', 'emoji_cara_suplicante'];emoji_cara_suplicante emoji_cara_suplicante emoji_cara_suplicante;emoji_cara_suplicante emoji_cara_suplicante emoji_cara_suplicante
Ándre;https://www.tiktok.com/@andre_notfound/video/7354011532155489541?comment_id=7354047360798294790;Cuando no se siente nada?;2024-04-04 16:19:49;"Sorpresa";Cuando no se siente nada?;['cuando', 'no', 'se', 'siente', 'nada', 'interrogacion'];['no', 'sentir', 'nada', 'interrogacion'];no sentir nada interrogacion;Cuando no se siente nada?
𝓘𝓶𝓮𝓵𝓲𝓼𝓼𝓪 🌙;https://www.tiktok.com/@imelissabel/video/7354011532155489541?comment_id=7360761971844809478;Dime si está bien solo querer dormir 🛌 y llorar no tengo interés en nada ando apagada;2024-04-22 18:35:59;"Tristeza";Dime si está bien solo querer dormir emoji_persona_en_la_cama y llorar no tengo interés en nada ando apagada;['dime', 'si', 'está', 'bien', 'solo', 'querer', 'dormir', 'emoji_persona_en_la_cama', 'y', 'llorar', 'no', 'tengo', 'interés', 'en', 'nada', 'ando', 'apagada'];['dime', 'si', 'bien', 'querer', 'dormir', 'emoji_persona_en_la_cama', 'llorar', 'no', 'interés', 'nada', 'ar', 'apagado'];dime si bien querer dormir emoji_persona_en_la_cama llorar no interés nada ar apagado;Dime si está bien solo querer dormir emoji_persona_en_la_cama y llorar no tengo interés en nada ando apagada
Alessandra Aquije;https://www.tiktok.com/@aleaquije/video/7354011532155489541?comment_id=7361647064088298245;@@pablocesarfloresr pero ya estoy saliendo adelante 🥺;2024-04-25 03:50:41;"Alegría";@ pero ya estoy saliendo adelante emoji_cara_suplicante;['pero', 'ya', 'estoy', 'saliendo', 'adelante', 'emoji_cara_suplicante'];['salir', 'emoji_cara_suplicante'];salir emoji_cara_suplicante;@ pero ya estoy saliendo adelante emoji_cara_suplicante
Claudio Torres Chereque;https://www.tiktok.com/@claudiovtorresche/video/7354011532155489541?comment_id=7362737478480184070;y si esas dos situaciones las siento por años? 🥺;2024-04-28 02:21:59;"Tristeza";y si esas dos situaciones las siento por años? emoji_cara_suplicante;['y', 'si', 'esas', 'dos', 'situaciones', 'las', 'siento', 'por', 'años', 'interrogacion', 'emoji_cara_suplicante'];['si', 'situación', 'sentir', 'año', 'interrogacion', 'emoji_cara_suplicante'];si situación sentir año interrogacion emoji_cara_suplicante;y si esas dos situaciones las siento por años? emoji_cara_suplicante
Nurmustafa22;https://www.tiktok.com/@nurmustafa22/video/7354011532155489541?comment_id=7363833489382277893;😳😳😳;2024-05-01 01:15:02;"Sorpresa";emoji_cara_sonrojada emoji_cara_sonrojada emoji_cara_sonrojada;['emoji_cara_sonrojada', 'emoji_cara_sonrojada', 'emoji_cara_sonrojada'];['emoji_cara_sonrojado', 'emoji_cara_sonrojado', 'emoji_cara_sonrojadar'];emoji_cara_sonrojado emoji_cara_sonrojado emoji_cara_sonrojadar;emoji_cara_sonrojada emoji_cara_sonrojada emoji_cara_sonrojada
NicolasCece;https://www.tiktok.com/@nicolascespedes.c/video/7354011532155489541?comment_id=7363888881789436678;Hace 2 años tengo depresión entonces 💀;2024-05-01 04:50:01;"Tristeza";Hace 2 años tengo depresión entonces emoji_calavera;['hace', '2', 'años', 'tengo', 'depresión', 'entonces', 'emoji_calavera'];['2', 'año', 'depresión', 'emoji_calavero'];2 año depresión emoji_calavero;Hace 2 años tengo depresión entonces emoji_calavera
Alejandro Inocente;https://www.tiktok.com/@alejandro10995/video/7354011532155489541?comment_id=7363897093410800390;hace años fui diagnósticado con ansiedad y transtorno depresivo 😞pero mi alrededor cree que es solo una etapa y noc que más hacer lucho solo contra esto;2024-05-01 05:21:54;"Tristeza";hace años fui diagnósticado con ansiedad y transtorno depresivo emoji_cara_decepcionada pero mi alrededor cree que es solo una etapa y noc que más hacer lucho solo contra esto;['hace', 'años', 'fui', 'diagnósticado', 'con', 'ansiedad', 'y', 'transtorno', 'depresivo', 'emoji_cara_decepcionada', 'pero', 'mi', 'alrededor', 'cree', 'que', 'es', 'solo', 'una', 'etapa', 'y', 'noc', 'que', 'más', 'hacer', 'lucho', 'solo', 'contra', 'esto'];['año', 'diagnósticar', 'ansiedad', 'transtorno', 'depresivo', 'emoji_cara_decepcionado', 'creer', 'etapa', 'noc', 'más', 'lucho'];año diagnósticar ansiedad transtorno depresivo emoji_cara_decepcionado creer etapa noc más lucho;hace años fui diagnósticado con ansiedad y transtorno depresivo emoji_cara_decepcionada pero mi alrededor cree que es solo una etapa y noc que más hacer lucho solo contra esto
Ne;https://www.tiktok.com/@netamarindo/video/7354011532155489541?comment_id=7364887478002762502;hay muchas personas con depresión que podemos estar tristes, pero no expresamos nada, no buscamos preocupar a nadie, vivimos esto solos, nos aislamos;2024-05-03 21:25:13;"Tristeza";hay muchas personas con depresión que podemos estar tristes, pero no expresamos nada, no buscamos preocupar a nadie, vivimos esto solos, nos aislamos;['hay', 'muchas', 'personas', 'con', 'depresión', 'que', 'podemos', 'estar', 'tristes', 'pero', 'no', 'expresamos', 'nada', 'no', 'buscamos', 'preocupar', 'a', 'nadie', 'vivimos', 'esto', 'solos', 'nos', 'aislamos'];['persona', 'depresión', 'triste', 'no', 'expresamos', 'nada', 'no', 'buscar', 'preocupar', 'nadie', 'vivir', 'aislar'];persona depresión triste no expresamos nada no buscar preocupar nadie vivir aislar;hay muchas personas con depresión que podemos estar tristes, pero no expresamos nada, no buscamos preocupar a nadie, vivimos esto solos, nos aislamos
Mei 🧸🎀;https://www.tiktok.com/@mei_sk/video/7354011532155489541?comment_id=7364995987340034821;@° 𝑨𝑖 aiudaaaaaa;2024-05-04 04:26:15;"Miedo";@° 𝑨𝑖 aiudaaaaaa;['aiudaaaaaa'];['aiudaaaaaa'];aiudaaaaaa;@° 𝑨𝑖 aiudaaaaaa
memo;https://www.tiktok.com/@memovillanuevaitz/video/7354011532155489541?comment_id=7365299620547166981;mentira claro q no;2024-05-05 00:04:29;"Ira";mentira claro q no;['mentira', 'claro', 'q', 'no'];['mentira', 'q', 'no'];mentira q no;mentira claro q no
Alejandra Calderon;https://www.tiktok.com/@alejandracaldero60/video/7354011532155489541?comment_id=7365321246962139909;tengo 28 y llevo 28 años de mi vida así. recuerdo cosas muy turbias desde mis 2 años y aún vivo con todos esos recuerdos día a día, hora tras hora, es agotador.;2024-05-05 01:28:27;"Tristeza";tengo 28 y llevo 28 años de mi vida así. recuerdo cosas muy turbias desde mis 2 años y aún vivo con todos esos recuerdos día a día, hora tras hora, es agotador.;['tengo', '28', 'y', 'llevo', '28', 'años', 'de', 'mi', 'vida', 'así', 'recuerdo', 'cosas', 'muy', 'turbias', 'desde', 'mis', '2', 'años', 'y', 'aún', 'vivo', 'con', 'todos', 'esos', 'recuerdos', 'día', 'a', 'día', 'hora', 'tras', 'hora', 'es', 'agotador'];['28', 'llevar', '28', 'año', 'vida', 'recordar', 'cosa', 'mucho', 'turbio', '2', 'año', 'vivo', 'recuerdo', 'hora', 'hora', 'agotador'];28 llevar 28 año vida recordar cosa mucho turbio 2 año vivo recuerdo hora hora agotador;tengo 28 y llevo 28 años de mi vida así. recuerdo cosas muy turbias desde mis 2 años y aún vivo con todos esos recuerdos día a día, hora tras hora, es agotador.
snnopy_01;https://www.tiktok.com/@snnopy_01/video/7354011532155489541?comment_id=7365333186329740038;Tipo nose, yo demuestro estar bien, pero cuando estoy sola....;2024-05-05 02:14:48;"Tristeza";Tipo nose, yo demuestro estar bien, pero cuando estoy sola....;['tipo', 'nose', 'yo', 'demuestro', 'estar', 'bien', 'pero', 'cuando', 'estoy', 'sola'];['tipo', 'no él', 'demostrar', 'bien'];tipo no él demostrar bien;Tipo nose, yo demuestro estar bien, pero cuando estoy sola....
❤️‍🔥💯🙊;https://www.tiktok.com/@angieariza17/video/7354011532155489541?comment_id=7365366029591298821;Van 4055 días. + querer olvidar, dormir y la sosobra la desesperanza...;2024-05-05 05:05:46;"Tristeza";Van 4055 días. + querer olvidar, dormir y la sosobra la desesperanza...;['van', '4055', 'días', 'querer', 'olvidar', 'dormir', 'y', 'la', 'sosobra', 'la', 'desesperanza'];['4055', 'querer', 'olvidar', 'dormir', 'sosobra', 'desesperanza'];4055 querer olvidar dormir sosobra desesperanza;Van 4055 días. + querer olvidar, dormir y la sosobra la desesperanza...
YESS MARTÍNEZ🐸;https://www.tiktok.com/@yess_080/video/7354011532155489541?comment_id=7365411631503901445;🥺🥺🥺;2024-05-05 07:19:11;"Tristeza";emoji_cara_suplicante emoji_cara_suplicante emoji_cara_suplicante;['emoji_cara_suplicante', 'emoji_cara_suplicante', 'emoji_cara_suplicante'];['emoji_cara_suplicante', 'emoji_cara_suplicante', 'emoji_cara_suplicante'];emoji_cara_suplicante emoji_cara_suplicante emoji_cara_suplicante;emoji_cara_suplicante emoji_cara_suplicante emoji_cara_suplicante
Lalitoon;https://www.tiktok.com/@lalitoon_/video/7354011532155489541?comment_id=7365528498154324741;añosssss en tristeza total 🥺;2024-05-05 14:52:31;"Tristeza";añosssss en tristeza total emoji_cara_suplicante;['añosssss', 'en', 'tristeza', 'total', 'emoji_cara_suplicante'];['añosssss', 'tristeza', 'emoji_cara_suplicante'];añosssss tristeza emoji_cara_suplicante;añosssss en tristeza total emoji_cara_suplicante
AnimeStorck;https://www.tiktok.com/@animestorck6/video/7354011532155489541?comment_id=7365644898933195526;2 semanas entonces no,lo mio lleva como 15 años,que alivio ☺️;2024-05-05 23:21:08;"Alegría";2 semanas entonces no,lo mio lleva como 15 años,que alivio emoji_cara_sonriente;['2', 'semanas', 'entonces', 'no', 'lo', 'mio', 'lleva', 'como', '15', 'años', 'que', 'alivio', 'emoji_cara_sonriente'];['2', 'semana', 'no', '15', 'año', 'aliver', 'emoji_cara_sonriente'];2 semana no 15 año aliver emoji_cara_sonriente;2 semanas entonces no,lo mio lleva como 15 años,que alivio emoji_cara_sonriente
KARABAZ;https://www.tiktok.com/@belzegor93/video/7354011532155489541?comment_id=7365742599061947142;si no es dsm no es;2024-05-06 04:43:29;"Ira";si no es dsm no es;['si', 'no', 'es', 'dsm', 'no', 'es'];['si', 'no', 'dsm', 'no'];si no dsm no;si no es dsm no es
Anita;https://www.tiktok.com/@anitrax18/video/7354011532155489541?comment_id=7365756541351330566;distimia, insomnio y relación tóxica con la comida que es lo único que me hace sentir algo diferente;2024-05-06 05:37:28;"Tristeza";distimia, insomnio y relación tóxica con la comida que es lo único que me hace sentir algo diferente;['distimia', 'insomnio', 'y', 'relación', 'tóxica', 'con', 'la', 'comida', 'que', 'es', 'lo', 'único', 'que', 'me', 'hace', 'sentir', 'algo', 'diferente'];['distimia', 'insomnio', 'relación', 'tóxico', 'comida', 'único', 'sentir'];distimia insomnio relación tóxico comida único sentir;distimia, insomnio y relación tóxica con la comida que es lo único que me hace sentir algo diferente
Mafalda;https://www.tiktok.com/@mariana8972535/video/7354011532155489541?comment_id=7365870974896734982;Yo lloro pero solo cuando llego a mi casa y me encuentro sola. Me mudé hace 3 meses y extraño a mi hijo 😭;2024-05-06 13:01:40;"Tristeza";Yo lloro pero solo cuando llego a mi casa y me encuentro sola. Me mudé hace 3 meses y extraño a mi hijo emoji_cara_llorando_fuerte;['yo', 'lloro', 'pero', 'solo', 'cuando', 'llego', 'a', 'mi', 'casa', 'y', 'me', 'encuentro', 'sola', 'me', 'mudé', 'hace', '3', 'meses', 'y', 'extraño', 'a', 'mi', 'hijo', 'emoji_cara_llorando_fuerte'];['lloro', 'llegar', 'casa', 'encontrar', 'mudar', '3', 'mes', 'extraño', 'hijo', 'emoji_cara_llorando_fuerte'];lloro llegar casa encontrar mudar 3 mes extraño hijo emoji_cara_llorando_fuerte;Yo lloro pero solo cuando llego a mi casa y me encuentro sola. Me mudé hace 3 meses y extraño a mi hijo emoji_cara_llorando_fuerte
solo juan;https://www.tiktok.com/@buatistaalvarez0/video/7354011532155489541?comment_id=7365961247676547845;llevo 3 años tristes.. ya en mi vida es normal;2024-05-06 18:51:56;"Tristeza";llevo 3 años tristes.. ya en mi vida es normal;['llevo', '3', 'años', 'tristes', 'ya', 'en', 'mi', 'vida', 'es', 'normal'];['llevar', '3', 'año', 'triste', 'vida', 'normal'];llevar 3 año triste vida normal;llevo 3 años tristes.. ya en mi vida es normal
César;https://www.tiktok.com/@cesrodri05/video/7354011532155489541?comment_id=7366151599305507589;pues ah mi me pasa que estoy en el trabajo y de pronto me pierdo en mis pensamientos y se me baja los ánimos recordando y haciendo escenarios en mi cabeza:(;2024-05-07 07:10:36;"Tristeza";pues ah mi me pasa que estoy en el trabajo y de pronto me pierdo en mis pensamientos y se me baja los ánimos recordando y haciendo escenarios en mi cabeza:(;['pues', 'ah', 'mi', 'me', 'pasa', 'que', 'estoy', 'en', 'el', 'trabajo', 'y', 'de', 'pronto', 'me', 'pierdo', 'en', 'mis', 'pensamientos', 'y', 'se', 'me', 'baja', 'los', 'ánimos', 'recordando', 'y', 'haciendo', 'escenarios', 'en', 'mi', 'cabeza'];['ah', 'pasar', 'trabajo', 'perder', 'pensamiento', 'bajar', 'ánimo', 'recordar', 'escenario', 'cabeza'];ah pasar trabajo perder pensamiento bajar ánimo recordar escenario cabeza;pues ah mi me pasa que estoy en el trabajo y de pronto me pierdo en mis pensamientos y se me baja los ánimos recordando y haciendo escenarios en mi cabeza:(
Lore buenrostro;https://www.tiktok.com/@loreli.buenrostro/video/7354011532155489541?comment_id=7366240417249379077;lo peor que puede pasar casi 5 meses con ella y apenas creo que estoy saliendo de ello;2024-05-07 12:55:10;"Tristeza";lo peor que puede pasar casi 5 meses con ella y apenas creo que estoy saliendo de ello;['lo', 'peor', 'que', 'puede', 'pasar', 'casi', '5', 'meses', 'con', 'ella', 'y', 'apenas', 'creo', 'que', 'estoy', 'saliendo', 'de', 'ello'];['peor', 'pasar', '5', 'mes', 'salir'];peor pasar 5 mes salir;lo peor que puede pasar casi 5 meses con ella y apenas creo que estoy saliendo de ello
Alex.;https://www.tiktok.com/@chancesalecx/video/7354011532155489541?comment_id=7366917560682070789;esa sensación la siento desde que mi perrita dejo este mundo, las cosas no han sido igual desde que ya no está ella;2024-05-09 08:42:54;"Tristeza";esa sensación la siento desde que mi perrita dejo este mundo, las cosas no han sido igual desde que ya no está ella;['esa', 'sensación', 'la', 'siento', 'desde', 'que', 'mi', 'perrita', 'dejo', 'este', 'mundo', 'las', 'cosas', 'no', 'han', 'sido', 'igual', 'desde', 'que', 'ya', 'no', 'está', 'ella'];['sensación', 'siento', 'perritar', 'dejar', 'mundo', 'cosa', 'no', 'no'];sensación siento perritar dejar mundo cosa no no;esa sensación la siento desde que mi perrita dejo este mundo, las cosas no han sido igual desde que ya no está ella
MJCR;https://www.tiktok.com/@maykolchavez18/video/7354011532155489541?comment_id=7367615122523702022;😔;2024-05-11 05:49:53;"Tristeza";emoji_cara_desanimada;['emoji_cara_desanimada'];['emoji_cara_desanimar'];emoji_cara_desanimar;emoji_cara_desanimada
Benja..;https://www.tiktok.com/@benjaminemmerson/video/7354011532155489541?comment_id=7367807523023946502;ahhh ya van 4 años;2024-05-11 18:16:21;"Tristeza";ahhh ya van 4 años;['ahhh', 'ya', 'van', '4', 'años'];['ahhh', '4', 'año'];ahhh 4 año;ahhh ya van 4 años
yani👻🔦;https://www.tiktok.com/@yanethyanipalomin/video/7354011532155489541?comment_id=7367815932007891717;🥺y que pasa cuando eres feliz con todos y en la noche lloras;2024-05-11 18:49:00;"Tristeza";emoji_cara_suplicante y que pasa cuando eres feliz con todos y en la noche lloras;['emoji_cara_suplicante', 'y', 'que', 'pasa', 'cuando', 'eres', 'feliz', 'con', 'todos', 'y', 'en', 'la', 'noche', 'lloras'];['emoji_cara_suplicante', 'pasar', 'feliz', 'noche', 'lloras'];emoji_cara_suplicante pasar feliz noche lloras;emoji_cara_suplicante y que pasa cuando eres feliz con todos y en la noche lloras
Jean Amilcar!;https://www.tiktok.com/@amilcar6324/video/7354011532155489541?comment_id=7367891956280541958;y si la tristeza ha durado 4 años?;2024-05-11 23:44:10;"Tristeza";y si la tristeza ha durado 4 años?;['y', 'si', 'la', 'tristeza', 'ha', 'durado', '4', 'años', 'interrogacion'];['si', 'tristeza', 'durar', '4', 'año', 'interrogacion'];si tristeza durar 4 año interrogacion;y si la tristeza ha durado 4 años?
azalea;https://www.tiktok.com/@azaleamuunfer/video/7354011532155489541?comment_id=7368167264615400197;desde que tengo memoria siempre me he sentido triste;2024-05-12 17:32:22;"Tristeza";desde que tengo memoria siempre me he sentido triste;['desde', 'que', 'tengo', 'memoria', 'siempre', 'me', 'he', 'sentido', 'triste'];['memoria', 'siempre', 'sentir', 'triste'];memoria siempre sentir triste;desde que tengo memoria siempre me he sentido triste
Boris Edward Cancino;https://www.tiktok.com/@todosobreed/video/7354011532155489541?comment_id=7368306147877339910;😭😭😭;2024-05-13 02:31:21;"Tristeza";emoji_cara_llorando_fuerte emoji_cara_llorando_fuerte emoji_cara_llorando_fuerte;['emoji_cara_llorando_fuerte', 'emoji_cara_llorando_fuerte', 'emoji_cara_llorando_fuerte'];['emoji_cara_llorando_fuertir', 'emoji_cara_llorando_fuerte', 'emoji_cara_llorando_fuerte'];emoji_cara_llorando_fuertir emoji_cara_llorando_fuerte emoji_cara_llorando_fuerte;emoji_cara_llorando_fuerte emoji_cara_llorando_fuerte emoji_cara_llorando_fuerte
ALMADAUWU;https://www.tiktok.com/@alamdaxd/video/7354011532155489541?comment_id=7368314384428352262;2 semanas? y si llevo 7 años;2024-05-13 03:03:13;"Tristeza";2 semanas? y si llevo 7 años;['2', 'semanas', 'interrogacion', 'y', 'si', 'llevo', '7', 'años'];['2', 'semana', 'interrogacion', 'si', 'llevar', '7', 'año'];2 semana interrogacion si llevar 7 año;2 semanas? y si llevo 7 años
Elvia Hernandez Hernandez;https://www.tiktok.com/@isabelhernandezlemus/video/7354011532155489541?comment_id=7368622214001033990;muy cierto 💔💔😥😥;2024-05-13 22:57:58;"Tristeza";muy cierto emoji_corazón_roto emoji_corazón_roto emoji_cara_triste_pero_aliviada emoji_cara_triste_pero_aliviada;['muy', 'cierto', 'emoji_corazón_roto', 'emoji_corazón_roto', 'emoji_cara_triste_pero_aliviada', 'emoji_cara_triste_pero_aliviada'];['mucho', 'emoji_corazón_roto', 'emoji_corazón_roto', 'emoji_cara_triste_pero_aliviado', 'emoji_cara_triste_pero_aliviada'];mucho emoji_corazón_roto emoji_corazón_roto emoji_cara_triste_pero_aliviado emoji_cara_triste_pero_aliviada;muy cierto emoji_corazón_roto emoji_corazón_roto emoji_cara_triste_pero_aliviada emoji_cara_triste_pero_aliviada
gabryel_py;https://www.tiktok.com/@gabryel_py/video/7354011532155489541?comment_id=7368635829566276357;y si llevo con esto años.?;2024-05-13 23:50:37;"Tristeza";y si llevo con esto años.?;['y', 'si', 'llevo', 'con', 'esto', 'años', 'interrogacion'];['si', 'llevar', 'año', 'interrogacion'];si llevar año interrogacion;y si llevo con esto años.?
Sebas Eduar Molina;https://www.tiktok.com/@eduar_mol23/video/7354011532155489541?comment_id=7368696521867150086;una vez me dijeron que soy inconforme o que no soy agradecido por lo que tengo porque me siento mal con respecto a la mayoría de las cosas que me suceden;2024-05-14 03:46:11;"Tristeza";una vez me dijeron que soy inconforme o que no soy agradecido por lo que tengo porque me siento mal con respecto a la mayoría de las cosas que me suceden;['una', 'vez', 'me', 'dijeron', 'que', 'soy', 'inconforme', 'o', 'que', 'no', 'soy', 'agradecido', 'por', 'lo', 'que', 'tengo', 'porque', 'me', 'siento', 'mal', 'con', 'respecto', 'a', 'la', 'mayoría', 'de', 'las', 'cosas', 'que', 'me', 'suceden'];['inconfor yo', 'no', 'agradecido', 'sentir', 'mal', 'mayoría', 'cosa', 'suceder'];inconfor yo no agradecido sentir mal mayoría cosa suceder;una vez me dijeron que soy inconforme o que no soy agradecido por lo que tengo porque me siento mal con respecto a la mayoría de las cosas que me suceden
Fernando Mancilla;https://www.tiktok.com/@fer.mnc7/video/7354011532155489541?comment_id=7368706161027351302;sisoy;2024-05-14 04:23:32;"Alegría";sisoy;['sisoy'];['sisoyir'];sisoyir;sisoy
santiag1900;https://www.tiktok.com/@santiag1900/video/7354011532155489541?comment_id=7368708825326043909;2 semanas?? jaaa, novatos;2024-05-14 04:34:02;"Ira";2 semanas?? jaaa, novatos;['2', 'semanas', 'interrogacion', 'interrogacion', 'jaaa', 'novatos'];['2', 'semana', 'interrogacion', 'interrogacion', 'jaaa', 'novato'];2 semana interrogacion interrogacion jaaa novato;2 semanas?? jaaa, novatos
Cosinas;https://www.tiktok.com/@lejendario75/video/7354011532155489541?comment_id=7368719473115972358;oye oye me paso eso 😄;2024-05-14 05:15:20;"Alegría";oye oye me paso eso emoji_cara_sonriendo_con_ojos_sonrientes;['oye', 'oye', 'me', 'paso', 'eso', 'emoji_cara_sonriendo_con_ojos_sonrientes'];['oir', 'oir', 'pasar', 'emoji_cara_sonriendo_con_ojos_sonrient'];oir oir pasar emoji_cara_sonriendo_con_ojos_sonrient;oye oye me paso eso emoji_cara_sonriendo_con_ojos_sonrientes
Aldair Ruiz;https://www.tiktok.com/@aldairruiz5/video/7354011532155489541?comment_id=7368906044527805190;La verdad que yo si quiero que me ayuden, paso todo el día triste, no puedo dormir, ya llevo varios años así, siento que ya no puedo más, me he quedado solo sin amigos. 😔;2024-05-14 17:19:15;"Tristeza";La verdad que yo si quiero que me ayuden, paso todo el día triste, no puedo dormir, ya llevo varios años así, siento que ya no puedo más, me he quedado solo sin amigos. emoji_cara_desanimada;['la', 'verdad', 'que', 'yo', 'si', 'quiero', 'que', 'me', 'ayuden', 'paso', 'todo', 'el', 'día', 'triste', 'no', 'puedo', 'dormir', 'ya', 'llevo', 'varios', 'años', 'así', 'siento', 'que', 'ya', 'no', 'puedo', 'más', 'me', 'he', 'quedado', 'solo', 'sin', 'amigos', 'emoji_cara_desanimada'];['si', 'querer', 'ayudar', 'paso', 'triste', 'no', 'dormir', 'llevar', 'año', 'sentir', 'no', 'más', 'quedar', 'amigo', 'emoji_cara_desanimado'];si querer ayudar paso triste no dormir llevar año sentir no más quedar amigo emoji_cara_desanimado;La verdad que yo si quiero que me ayuden, paso todo el día triste, no puedo dormir, ya llevo varios años así, siento que ya no puedo más, me he quedado solo sin amigos. emoji_cara_desanimada
SEPULVEDA LILI;https://www.tiktok.com/@lili30sepulveda/video/7354011532155489541?comment_id=7368978651734115078;yo aquí por mi tercera semana de sentirme asi🥺🥺mal con pena y queriendo no sentirla pero ahí esta🥺🥺;2024-05-14 22:01:00;"Tristeza";yo aquí por mi tercera semana de sentirme asi emoji_cara_suplicante emoji_cara_suplicante mal con pena y queriendo no sentirla pero ahí esta emoji_cara_suplicante emoji_cara_suplicante;['yo', 'aquí', 'por', 'mi', 'tercera', 'semana', 'de', 'sentirme', 'asi', 'emoji_cara_suplicante', 'emoji_cara_suplicante', 'mal', 'con', 'pena', 'y', 'queriendo', 'no', 'sentirla', 'pero', 'ahí', 'esta', 'emoji_cara_suplicante', 'emoji_cara_suplicante'];['semana', 'sentir yo', 'emoji_cara_suplicante', 'emoji_cara_suplicante', 'mal', 'pena', 'querer', 'no', 'sentir él', 'emoji_cara_suplicante', 'emoji_cara_suplicante'];semana sentir yo emoji_cara_suplicante emoji_cara_suplicante mal pena querer no sentir él emoji_cara_suplicante emoji_cara_suplicante;yo aquí por mi tercera semana de sentirme asi emoji_cara_suplicante emoji_cara_suplicante mal con pena y queriendo no sentirla pero ahí esta emoji_cara_suplicante emoji_cara_suplicante
Javier CG;https://www.tiktok.com/@javiercg28/video/7354011532155489541?comment_id=7368981286327780102;😕;2024-05-14 22:11:19;"Tristeza";emoji_cara_de_confusión;['emoji_cara_de_confusión'];['emoji_cara_de_confusión'];emoji_cara_de_confusión;emoji_cara_de_confusión
Ant;https://www.tiktok.com/@kardiagared/video/7354011532155489541?comment_id=7369020890837861126;😔💔;2024-05-15 00:45:01;"Tristeza";emoji_cara_desanimada emoji_corazón_roto;['emoji_cara_desanimada', 'emoji_corazón_roto'];['emoji_cara_desanimar', 'emoji_corazón_roto'];emoji_cara_desanimar emoji_corazón_roto;emoji_cara_desanimada emoji_corazón_roto
Dani;https://www.tiktok.com/@le_dorothy/video/7354011532155489541?comment_id=7369050307520873221;no es solo la tristeza puede ser también el enojo que es una forma de expresar angustia acompañado de la pérdida del disfrute, sin mencionar la sintomatología a nivel físico que es muy variada.;2024-05-15 02:38:59;"Ira";no es solo la tristeza puede ser también el enojo que es una forma de expresar angustia acompañado de la pérdida del disfrute, sin mencionar la sintomatología a nivel físico que es muy variada.;['no', 'es', 'solo', 'la', 'tristeza', 'puede', 'ser', 'también', 'el', 'enojo', 'que', 'es', 'una', 'forma', 'de', 'expresar', 'angustia', 'acompañado', 'de', 'la', 'pérdida', 'del', 'disfrute', 'sin', 'mencionar', 'la', 'sintomatología', 'a', 'nivel', 'físico', 'que', 'es', 'muy', 'variada'];['no', 'tristeza', 'enojo', 'forma', 'expresar', 'angustia', 'acompañado', 'pérdida', 'disfrute', 'mencionar', 'sintomatología', 'nivel', 'físico', 'mucho', 'variado'];no tristeza enojo forma expresar angustia acompañado pérdida disfrute mencionar sintomatología nivel físico mucho variado;no es solo la tristeza puede ser también el enojo que es una forma de expresar angustia acompañado de la pérdida del disfrute, sin mencionar la sintomatología a nivel físico que es muy variada.
Sandy 🦋;https://www.tiktok.com/@sandy.jadhe/video/7354011532155489541?comment_id=7369061690337723141;🥺💔;2024-05-15 03:23:08;"Tristeza";emoji_cara_suplicante emoji_corazón_roto;['emoji_cara_suplicante', 'emoji_corazón_roto'];['emoji_cara_suplicante', 'emoji_corazón_roto'];emoji_cara_suplicante emoji_corazón_roto;emoji_cara_suplicante emoji_corazón_roto
melisakim10;https://www.tiktok.com/@melisakim10/video/7354011532155489541?comment_id=7369389350246957829;yo siempre estoy asi;2024-05-16 00:34:42;"Tristeza";yo siempre estoy asi;['yo', 'siempre', 'estoy', 'asi'];['siempre'];siempre;yo siempre estoy asi
𝓰𝓻𝓮𝓬𝓲𝓪🤎;https://www.tiktok.com/@grecia.03_/video/7354011532155489541?comment_id=7369722407265878789;Amo maquillar es mi profesión pero ahora simplemente ya no quiero no me hace sentir bien prefiero dormir;2024-05-16 22:07:15;"Tristeza";Amo maquillar es mi profesión pero ahora simplemente ya no quiero no me hace sentir bien prefiero dormir;['amo', 'maquillar', 'es', 'mi', 'profesión', 'pero', 'ahora', 'simplemente', 'ya', 'no', 'quiero', 'no', 'me', 'hace', 'sentir', 'bien', 'prefiero', 'dormir'];['amar', 'maquillar', 'profesión', 'simplemente', 'no', 'querer', 'no', 'sentir', 'bien', 'preferir', 'dormir'];amar maquillar profesión simplemente no querer no sentir bien preferir dormir;Amo maquillar es mi profesión pero ahora simplemente ya no quiero no me hace sentir bien prefiero dormir
Sebastian Torres Vel;https://www.tiktok.com/@sebasito23/video/7354011532155489541?comment_id=7370895389945365254;ah eso era Carajo....;2024-05-20 01:58:52;"Ira";ah eso era Carajo....;['ah', 'eso', 'era', 'carajo'];['ah', 'carajo'];ah carajo;ah eso era Carajo....
usernameblocked224;https://www.tiktok.com/@usernameblocked224/video/7354011532155489541?comment_id=7371075314356077318;Y por último, debe ser diagnosticado por un especialista, no ustedes mismos💗;2024-05-20 13:37:05;"Alegría";Y por último, debe ser diagnosticado por un especialista, no ustedes mismos emoji_corazón_creciente;['y', 'por', 'último', 'debe', 'ser', 'diagnosticado', 'por', 'un', 'especialista', 'no', 'ustedes', 'mismos', 'emoji_corazón_creciente'];['diagnosticar', 'especialista', 'no', 'emoji_corazón_creciente'];diagnosticar especialista no emoji_corazón_creciente;Y por último, debe ser diagnosticado por un especialista, no ustedes mismos emoji_corazón_creciente
🦦;https://www.tiktok.com/@lachachi.01/video/7354011532155489541?comment_id=7371080397610861317;😞;2024-05-20 13:56:48;"Tristeza";emoji_cara_decepcionada;['emoji_cara_decepcionada'];['emoji_cara_decepcionar'];emoji_cara_decepcionar;emoji_cara_decepcionada
Jean 🦦;https://www.tiktok.com/@jeanstar7.20/video/7354011532155489541?comment_id=7371152166578946822;llevo 5 años :c;2024-05-20 18:35:18;"Tristeza";llevo 5 años :c;['llevo', '5', 'años', 'c'];['llevar', '5', 'año', 'c'];llevar 5 año c;llevo 5 años :c
Alex;https://www.tiktok.com/@lalalale_x/video/7354011532155489541?comment_id=7371286299829371654;yo no siento tristeza, sino un vacío por todo...;2024-05-21 03:15:46;"Tristeza";yo no siento tristeza, sino un vacío por todo...;['yo', 'no', 'siento', 'tristeza', 'sino', 'un', 'vacío', 'por', 'todo'];['no', 'sentir', 'tristeza', 'vacío'];no sentir tristeza vacío;yo no siento tristeza, sino un vacío por todo...
𝓓𝓪𝔂𝓪𝓷𝓪 🎀;https://www.tiktok.com/@dallani_li/video/7354011532155489541?comment_id=7371725202512315141;Y si me pasa todo un mes y me da ansiedad y como como si nunca me lleno y sobrepienso cosas que no deberia;2024-05-22 07:38:57;"Tristeza";Y si me pasa todo un mes y me da ansiedad y como como si nunca me lleno y sobrepienso cosas que no deberia;['y', 'si', 'me', 'pasa', 'todo', 'un', 'mes', 'y', 'me', 'da', 'ansiedad', 'y', 'como', 'como', 'si', 'nunca', 'me', 'lleno', 'y', 'sobrepienso', 'cosas', 'que', 'no', 'deberia'];['si', 'pasar', 'mes', 'ansiedad', 'si', 'nunca', 'lleno', 'sobrepienso', 'cosa', 'no', 'deberio'];si pasar mes ansiedad si nunca lleno sobrepienso cosa no deberio;Y si me pasa todo un mes y me da ansiedad y como como si nunca me lleno y sobrepienso cosas que no deberia
Xi F. Roldán;https://www.tiktok.com/@xifroldn/video/7354011532155489541?comment_id=7372046452949943046;dos semanas llevo tres años;2024-05-23 04:25:30;"Tristeza";dos semanas llevo tres años;['dos', 'semanas', 'llevo', 'tres', 'años'];['semana', 'llevar', 'año'];semana llevar año;dos semanas llevo tres años
Hector Rojas;https://www.tiktok.com/@hectorrojas11/video/7354011532155489541?comment_id=7372766250697229062;yo la cargo todos los día pero lo disfrazo muy bien para que nadie se de cuenta 🥺;2024-05-25 02:58:47;"Tristeza";yo la cargo todos los día pero lo disfrazo muy bien para que nadie se de cuenta emoji_cara_suplicante;['yo', 'la', 'cargo', 'todos', 'los', 'día', 'pero', 'lo', 'disfrazo', 'muy', 'bien', 'para', 'que', 'nadie', 'se', 'de', 'cuenta', 'emoji_cara_suplicante'];['cargo', 'disfrazo', 'mucho', 'bien', 'nadie', 'emoji_cara_suplicante'];cargo disfrazo mucho bien nadie emoji_cara_suplicante;yo la cargo todos los día pero lo disfrazo muy bien para que nadie se de cuenta emoji_cara_suplicante
dara  Ángeles;https://www.tiktok.com/@angelasandovalreyn/video/7354011532155489541?comment_id=7373049146226164485;yo todos los días ando triste de motivación desinterés lo que solía hacer 😭;2024-05-25 21:16:39;"Tristeza";yo todos los días ando triste de motivación desinterés lo que solía hacer emoji_cara_llorando_fuerte;['yo', 'todos', 'los', 'días', 'ando', 'triste', 'de', 'motivación', 'desinterés', 'lo', 'que', 'solía', 'hacer', 'emoji_cara_llorando_fuerte'];['ar', 'triste', 'motivación', 'desinterés', 'soler', 'emoji_cara_llorando_fuerte'];ar triste motivación desinterés soler emoji_cara_llorando_fuerte;yo todos los días ando triste de motivación desinterés lo que solía hacer emoji_cara_llorando_fuerte
señor pedos🍑💨;https://www.tiktok.com/@lareconchasumadr/video/7354011532155489541?comment_id=7373059344844161798;🤡quedé . y llevo años así y hasta me siento seguro con la tristeza. aunq duele pero me siento más confiado ahí . es como un jardín lleno de rosas con espinas quieres salir pero no puedes.;2024-05-25 21:56:13;"Tristeza";emoji_cara_de_payaso quedé . y llevo años así y hasta me siento seguro con la tristeza. aunq duele pero me siento más confiado ahí . es como un jardín lleno de rosas con espinas quieres salir pero no puedes.;['emoji_cara_de_payaso', 'quedé', 'y', 'llevo', 'años', 'así', 'y', 'hasta', 'me', 'siento', 'seguro', 'con', 'la', 'tristeza', 'aunq', 'duele', 'pero', 'me', 'siento', 'más', 'confiado', 'ahí', 'es', 'como', 'un', 'jardín', 'lleno', 'de', 'rosas', 'con', 'espinas', 'quieres', 'salir', 'pero', 'no', 'puedes'];['emoji_cara_de_payaso', 'quedé', 'llevar', 'año', 'sentir', 'seguro', 'tristeza', 'aunq', 'duele', 'sentir', 'más', 'confiado', 'jardín', 'lleno', 'rosas', 'espina', 'quier', 'salir', 'no', 'poder'];emoji_cara_de_payaso quedé llevar año sentir seguro tristeza aunq duele sentir más confiado jardín lleno rosas espina quier salir no poder;emoji_cara_de_payaso quedé . y llevo años así y hasta me siento seguro con la tristeza. aunq duele pero me siento más confiado ahí . es como un jardín lleno de rosas con espinas quieres salir pero no puedes.
🇻🇪JOSE🇻🇪;https://www.tiktok.com/@3manquito3/video/7354011532155489541?comment_id=7373483181654000389;y que hago para solucionar eso?;2024-05-27 01:20:50;"Sorpresa";y que hago para solucionar eso?;['y', 'que', 'hago', 'para', 'solucionar', 'eso', 'interrogacion'];['solucionar', 'interrogacion'];solucionar interrogacion;y que hago para solucionar eso?
Alessa Danny;https://www.tiktok.com/@alessa.danny/video/7354011532155489541?comment_id=7373574112649937669;Más al contrario yo prefiero salir para olvidar no pensar estar en mi casa es un infierno no duermo. no disfruto nada actuó en automático;2024-05-27 07:13:40;"Tristeza";Más al contrario yo prefiero salir para olvidar no pensar estar en mi casa es un infierno no duermo. no disfruto nada actuó en automático;['más', 'al', 'contrario', 'yo', 'prefiero', 'salir', 'para', 'olvidar', 'no', 'pensar', 'estar', 'en', 'mi', 'casa', 'es', 'un', 'infierno', 'no', 'duermo', 'no', 'disfruto', 'nada', 'actuó', 'en', 'automático'];['más', 'contrario', 'preferir', 'salir', 'olvidar', 'no', 'pensar', 'casa', 'infierno', 'no', 'duermo', 'no', 'disfrutar', 'nada', 'actuar', 'automático'];más contrario preferir salir olvidar no pensar casa infierno no duermo no disfrutar nada actuar automático;Más al contrario yo prefiero salir para olvidar no pensar estar en mi casa es un infierno no duermo. no disfruto nada actuó en automático
JennieARMY;https://www.tiktok.com/@jk01.jk97/video/7354011532155489541?comment_id=7373674276777542405;La canción Black Swan lo describe muy bien.;2024-05-27 13:42:17;"Tristeza";La canción Black Swan lo describe muy bien.;['la', 'canción', 'black', 'swan', 'lo', 'describe', 'muy', 'bien'];['canción', 'black', 'swan', 'describir', 'mucho', 'bien'];canción black swan describir mucho bien;La canción Black Swan lo describe muy bien.
Daniela Bravo;https://www.tiktok.com/@danielabravo342/video/7354011532155489541?comment_id=7373751456224002822;🙏;2024-05-27 18:41:47;"Alegría";emoji_manos_en_oración;['emoji_manos_en_oración'];['emoji_manos_en_oración'];emoji_manos_en_oración;emoji_manos_en_oración
Athreias Aveldin;https://www.tiktok.com/@athreias/video/7354011532155489541?comment_id=7373867493134189317;yo tengo distimia y TLP.;2024-05-28 02:12:12;"Tristeza";yo tengo distimia y TLP.;['yo', 'tengo', 'distimia', 'y', 'tlp'];['distimia', 'tlp'];distimia tlp;yo tengo distimia y TLP.
🌥;https://www.tiktok.com/@pam_pam_sg/video/7354011532155489541?comment_id=7373893262790394630;la psicologa me diagnostico anhedonia... y no volvi a ir porq me empezo a hablar de pastillas;2024-05-28 03:52:06;"Miedo";la psicologa me diagnostico anhedonia... y no volvi a ir porq me empezo a hablar de pastillas;['la', 'psicologa', 'me', 'diagnostico', 'anhedonia', 'y', 'no', 'volvi', 'a', 'ir', 'porq', 'me', 'empezo', 'a', 'hablar', 'de', 'pastillas'];['psicologa', 'diagnosticar', 'anhedonia', 'no', 'volvi', 'porq', 'empezo', 'hablar', 'pastilla'];psicologa diagnosticar anhedonia no volvi porq empezo hablar pastilla;la psicologa me diagnostico anhedonia... y no volvi a ir porq me empezo a hablar de pastillas
mauriciooween;https://www.tiktok.com/@mauriciooween/video/7354011532155489541?comment_id=7374008973794542342;llevo 5 años es normal 😂😂??;2024-05-28 11:21:08;"Sorpresa";llevo 5 años es normal emoji_cara_llorando_de_risa emoji_cara_llorando_de_risa ??;['llevo', '5', 'años', 'es', 'normal', 'emoji_cara_llorando_de_risa', 'emoji_cara_llorando_de_risa', 'interrogacion', 'interrogacion'];['llevar', '5', 'año', 'normal', 'emoji_cara_llorando_de_risa', 'emoji_cara_llorando_de_risa', 'interrogacion', 'interrogacion'];llevar 5 año normal emoji_cara_llorando_de_risa emoji_cara_llorando_de_risa interrogacion interrogacion;llevo 5 años es normal emoji_cara_llorando_de_risa emoji_cara_llorando_de_risa ??
⭐Estrella⭐;https://www.tiktok.com/@estrella_1442/video/7354011532155489541?comment_id=7374572922654688005;yo q llevo 5 años sintiéndome mal triste un basio la mayor parte del tiempo;2024-05-29 23:49:38;"Tristeza";yo q llevo 5 años sintiéndome mal triste un basio la mayor parte del tiempo;['yo', 'q', 'llevo', '5', 'años', 'sintiéndome', 'mal', 'triste', 'un', 'basio', 'la', 'mayor', 'parte', 'del', 'tiempo'];['q', 'llevar', '5', 'año', 'sintiéndomar', 'mal', 'triste', 'basio', 'tiempo'];q llevar 5 año sintiéndomar mal triste basio tiempo;yo q llevo 5 años sintiéndome mal triste un basio la mayor parte del tiempo
K;https://www.tiktok.com/@bluudeath/video/7354011532155489541?comment_id=7375700112700064518;😭😭😭;2024-06-02 00:43:41;"Tristeza";emoji_cara_llorando_fuerte emoji_cara_llorando_fuerte emoji_cara_llorando_fuerte;['emoji_cara_llorando_fuerte', 'emoji_cara_llorando_fuerte', 'emoji_cara_llorando_fuerte'];['emoji_cara_llorando_fuertir', 'emoji_cara_llorando_fuerte', 'emoji_cara_llorando_fuerte'];emoji_cara_llorando_fuertir emoji_cara_llorando_fuerte emoji_cara_llorando_fuerte;emoji_cara_llorando_fuerte emoji_cara_llorando_fuerte emoji_cara_llorando_fuerte
Alejandro Manoban;https://www.tiktok.com/@alejandromanoban/video/7354011532155489541?comment_id=7375788828323562246;2.semanas? y el DSM -V?????;2024-06-02 06:27:53;"Sorpresa";2.semanas? y el DSM -V?????;['2', 'semanas', 'interrogacion', 'y', 'el', 'dsm', 'v', 'interrogacion', 'interrogacion', 'interrogacion', 'interrogacion', 'interrogacion'];['2', 'semana', 'interrogacion', 'dsm', 'v', 'interrogacion', 'interrogacion', 'interrogacion', 'interrogacion', 'interrogacion'];2 semana interrogacion dsm v interrogacion interrogacion interrogacion interrogacion interrogacion;2.semanas? y el DSM -V?????
marinaflores;https://www.tiktok.com/@marinaflores295/video/7354011532155489541?comment_id=7375873993247179526;dos años tarde en salir de ese abismo pero lo logré 😭👌👌👌;2024-06-02 11:58:21;"Alegría";dos años tarde en salir de ese abismo pero lo logré emoji_cara_llorando_fuerte emoji_señal_de_aprobación_con_la_mano emoji_señal_de_aprobación_con_la_mano emoji_señal_de_aprobación_con_la_mano;['dos', 'años', 'tarde', 'en', 'salir', 'de', 'ese', 'abismo', 'pero', 'lo', 'logré', 'emoji_cara_llorando_fuerte', 'emoji_señal_de_aprobación_con_la_mano', 'emoji_señal_de_aprobación_con_la_mano', 'emoji_señal_de_aprobación_con_la_mano'];['año', 'salir', 'abismo', 'logrer', 'emoji_cara_llorando_fuerte', 'emoji_señal_de_aprobación_con_la_mano', 'emoji_señal_de_aprobación_con_la_mano', 'emoji_señal_de_aprobación_con_la_mano'];año salir abismo logrer emoji_cara_llorando_fuerte emoji_señal_de_aprobación_con_la_mano emoji_señal_de_aprobación_con_la_mano emoji_señal_de_aprobación_con_la_mano;dos años tarde en salir de ese abismo pero lo logré emoji_cara_llorando_fuerte emoji_señal_de_aprobación_con_la_mano emoji_señal_de_aprobación_con_la_mano emoji_señal_de_aprobación_con_la_mano
soy la mandarina de tu suga;https://www.tiktok.com/@enormesnampechos/video/7354011532155489541?comment_id=7376160123071595269;y cómo se trata la depresión sin medicamentos?;2024-06-03 06:28:48;"Sorpresa";y cómo se trata la depresión sin medicamentos?;['y', 'cómo', 'se', 'trata', 'la', 'depresión', 'sin', 'medicamentos', 'interrogacion'];['depresión', 'medicamento', 'interrogacion'];depresión medicamento interrogacion;y cómo se trata la depresión sin medicamentos?
𝓙;https://www.tiktok.com/@httpx.joss/video/7354011532155489541?comment_id=7376176243991085829;Yo dejaba de comer hasta 3 días… no tenía un solo amigo a quien contarle nada y se me caía mucho el cabello :’);2024-06-03 07:31:15;"Tristeza";Yo dejaba de comer hasta 3 días… no tenía un solo amigo a quien contarle nada y se me caía mucho el cabello :’);['yo', 'dejaba', 'de', 'comer', 'hasta', '3', 'días', 'no', 'tenía', 'un', 'solo', 'amigo', 'a', 'quien', 'contarle', 'nada', 'y', 'se', 'me', 'caía', 'mucho', 'el', 'cabello'];['dejar', 'comer', '3', 'no', 'amigo', 'contar él', 'nada', 'caer', 'cabello'];dejar comer 3 no amigo contar él nada caer cabello;Yo dejaba de comer hasta 3 días… no tenía un solo amigo a quien contarle nada y se me caía mucho el cabello :’)
Fernanda Ornelas;https://www.tiktok.com/@fernandaorc/video/7354011532155489541?comment_id=7376207484863152901;Me lleva la v;2024-06-03 09:32:37;"Ira";Me lleva la v;['me', 'lleva', 'la', 'v'];['v'];v;Me lleva la v
lirio139;https://www.tiktok.com/@lilies_770/video/7354011532155489541?comment_id=7376285309447340805;yo tengo eso ☹️;2024-06-03 14:34:27;"Tristeza";yo tengo eso emoji_cara_con_el_ceño_fruncido;['yo', 'tengo', 'eso', 'emoji_cara_con_el_ceño_fruncido'];['emoji_cara_con_el_ceño_fruncido'];emoji_cara_con_el_ceño_fruncido;yo tengo eso emoji_cara_con_el_ceño_fruncido
lsdblackk;https://www.tiktok.com/@lsdblackk/video/7354011532155489541?comment_id=7376320114977932037;No es tristeza .. solo que siento un espacio complejo .. algo que todo lo que veo no le siento el sentido el tacto .. el sentimiento ..;2024-06-03 16:49:30;"Tristeza";No es tristeza .. solo que siento un espacio complejo .. algo que todo lo que veo no le siento el sentido el tacto .. el sentimiento ..;['no', 'es', 'tristeza', 'solo', 'que', 'siento', 'un', 'espacio', 'complejo', 'algo', 'que', 'todo', 'lo', 'que', 'veo', 'no', 'le', 'siento', 'el', 'sentido', 'el', 'tacto', 'el', 'sentimiento'];['no', 'tristeza', 'sentir', 'espacio', 'complejo', 'ver', 'no', 'sentir', 'sentido', 'tacto', 'sentimiento'];no tristeza sentir espacio complejo ver no sentir sentido tacto sentimiento;No es tristeza .. solo que siento un espacio complejo .. algo que todo lo que veo no le siento el sentido el tacto .. el sentimiento ..
amanda☠️;https://www.tiktok.com/@__nnam/video/7354011532155489541?comment_id=7376481932278219525;nmms y la solución?;2024-06-04 03:17:28;"Ira";nmms y la solución?;['nmms', 'y', 'la', 'solución', 'interrogacion'];['nmms', 'solución', 'interrogacion'];nmms solución interrogacion;nmms y la solución?
Mirian♥️;https://www.tiktok.com/@miri20.06/video/7354011532155489541?comment_id=7376486827745084166;🖤☹️;2024-06-04 03:36:33;"Tristeza";emoji_corazón_negro emoji_cara_con_el_ceño_fruncido;['emoji_corazón_negro', 'emoji_cara_con_el_ceño_fruncido'];['emoji_corazón_negrir', 'emoji_cara_con_el_ceño_fruncido'];emoji_corazón_negrir emoji_cara_con_el_ceño_fruncido;emoji_corazón_negro emoji_cara_con_el_ceño_fruncido
nelsonoje;https://www.tiktok.com/@nelsonoje/video/7354011532155489541?comment_id=7377067133219947270;uufff🔥;2024-06-05 17:08:21;"Alegría";uufff emoji_fuego;['uufff', 'emoji_fuego'];['uufff', 'emoji_fuego'];uufff emoji_fuego;uufff emoji_fuego
Bailon Ff;https://www.tiktok.com/@dawmange_/video/7354011532155489541?comment_id=7377664772752147206;yo me siento sin ganas de nada ya llevo varias semanas y mis pensamientos me ganan.;2024-06-07 07:47:36;"Tristeza";yo me siento sin ganas de nada ya llevo varias semanas y mis pensamientos me ganan.;['yo', 'me', 'siento', 'sin', 'ganas', 'de', 'nada', 'ya', 'llevo', 'varias', 'semanas', 'y', 'mis', 'pensamientos', 'me', 'ganan'];['sentir', 'gana', 'nada', 'llevar', 'semana', 'pensamiento', 'ganar'];sentir gana nada llevar semana pensamiento ganar;yo me siento sin ganas de nada ya llevo varias semanas y mis pensamientos me ganan.
la profe 🌅;https://www.tiktok.com/@esteruzcategui/video/7354011532155489541?comment_id=7378266492850438917;llevo tres meses sin reírme si tiene motivo pero como lo arreglamos yo quería pero no me da algo esa situación;2024-06-08 22:42:30;"Tristeza";llevo tres meses sin reírme si tiene motivo pero como lo arreglamos yo quería pero no me da algo esa situación;['llevo', 'tres', 'meses', 'sin', 'reírme', 'si', 'tiene', 'motivo', 'pero', 'como', 'lo', 'arreglamos', 'yo', 'quería', 'pero', 'no', 'me', 'da', 'algo', 'esa', 'situación'];['llevar', 'mes', 'reir yo', 'si', 'motivo', 'arreglamo', 'querer', 'no', 'situación'];llevar mes reir yo si motivo arreglamo querer no situación;llevo tres meses sin reírme si tiene motivo pero como lo arreglamos yo quería pero no me da algo esa situación
Daniela Elizabeth J.;https://www.tiktok.com/@danielaelizabethj3/video/7354011532155489541?comment_id=7378374625996047109;llevo más de un mes;2024-06-09 05:42:03;"Alegría";llevo más de un mes;['llevo', 'más', 'de', 'un', 'mes'];['llevar', 'más', 'mes'];llevar más mes;llevo más de un mes
Antony Gutierrez;https://www.tiktok.com/@antonygutierrez33/video/7354011532155489541?comment_id=7378386148517774085;Yo quiero alejarme de todos...;2024-06-09 06:26:54;"Tristeza";Yo quiero alejarme de todos...;['yo', 'quiero', 'alejarme', 'de', 'todos'];['querer', 'alejar yo'];querer alejar yo;Yo quiero alejarme de todos...
Daeon noead;https://www.tiktok.com/@daeon_noead/video/7354011532155489541?comment_id=7380300822755083040;dos años todos los días;2024-06-14 10:17:07;"Alegría";dos años todos los días;['dos', 'años', 'todos', 'los', 'días'];['año'];año;dos años todos los días
Mayemaldflor;https://www.tiktok.com/@nayi16122/video/7354011532155489541?comment_id=7381299950784103174;yo amaba ir al gimnasio,antes cuando fallaba un día me ponía triste,pero ahora llevo 3 semanas sin ir y es por que ya no me gusta hacer ejercicio y yo amaba hacer ejercicio allá sacaba todo;2024-06-17 02:54:00;"Tristeza";yo amaba ir al gimnasio,antes cuando fallaba un día me ponía triste,pero ahora llevo 3 semanas sin ir y es por que ya no me gusta hacer ejercicio y yo amaba hacer ejercicio allá sacaba todo;['yo', 'amaba', 'ir', 'al', 'gimnasio', 'antes', 'cuando', 'fallaba', 'un', 'día', 'me', 'ponía', 'triste', 'pero', 'ahora', 'llevo', '3', 'semanas', 'sin', 'ir', 'y', 'es', 'por', 'que', 'ya', 'no', 'me', 'gusta', 'hacer', 'ejercicio', 'y', 'yo', 'amaba', 'hacer', 'ejercicio', 'allá', 'sacaba', 'todo'];['amar', 'gimnasio', 'fallar', 'poner', 'triste', 'llevar', '3', 'semana', 'no', 'gustar', 'ejercicio', 'amar', 'ejercicio', 'allá', 'sacar'];amar gimnasio fallar poner triste llevar 3 semana no gustar ejercicio amar ejercicio allá sacar;yo amaba ir al gimnasio,antes cuando fallaba un día me ponía triste,pero ahora llevo 3 semanas sin ir y es por que ya no me gusta hacer ejercicio y yo amaba hacer ejercicio allá sacaba todo
user15966535070;https://www.tiktok.com/@usuario3456120/video/7354011532155489541?comment_id=7381312423784399621;y si dura 4 años que es?😔;2024-06-17 03:42:24;"Sorpresa";y si dura 4 años que es? emoji_cara_desanimada;['y', 'si', 'dura', '4', 'años', 'que', 'es', 'interrogacion', 'emoji_cara_desanimada'];['si', 'durar', '4', 'año', 'interrogacion', 'emoji_cara_desanimar'];si durar 4 año interrogacion emoji_cara_desanimar;y si dura 4 años que es? emoji_cara_desanimada
Jonathan Cardozo;https://www.tiktok.com/@jonatan_cardozo/video/7354011532155489541?comment_id=7381669242248430342;Llevo 32 años tratando de estar lejos de la gente 👀;2024-06-18 02:48:34;"Tristeza";Llevo 32 años tratando de estar lejos de la gente emoji_ojos;['llevo', '32', 'años', 'tratando', 'de', 'estar', 'lejos', 'de', 'la', 'gente', 'emoji_ojos'];['llevar', '32', 'año', 'tratar', 'lejos', 'gente', 'emoji_ojo'];llevar 32 año tratar lejos gente emoji_ojo;Llevo 32 años tratando de estar lejos de la gente emoji_ojos
Fino Mp3;https://www.tiktok.com/@www.finomp3.com/video/7354011532155489541?comment_id=7381694223709602566;Ya no le encuentro el gusto a la vida 😌;2024-06-18 04:23:49;"Tristeza";Ya no le encuentro el gusto a la vida emoji_cara_de_alivio;['ya', 'no', 'le', 'encuentro', 'el', 'gusto', 'a', 'la', 'vida', 'emoji_cara_de_alivio'];['no', 'encontrar', 'gusto', 'vida', 'emoji_cara_de_alivio'];no encontrar gusto vida emoji_cara_de_alivio;Ya no le encuentro el gusto a la vida emoji_cara_de_alivio
yo;https://www.tiktok.com/@3140mnd/video/7354011532155489541?comment_id=7381947579254915872;y si ya se llevan más de dos semanas así;2024-06-18 20:47:06;"Sorpresa";y si ya se llevan más de dos semanas así;['y', 'si', 'ya', 'se', 'llevan', 'más', 'de', 'dos', 'semanas', 'así'];['si', 'llevar', 'más', 'semana'];si llevar más semana;y si ya se llevan más de dos semanas así
Jesus C.;https://www.tiktok.com/@langosta.c46/video/7354011532155489541?comment_id=7383193494435431174;mi novia se volvió mi escape a ese sentimiento y eso me da temor... :(;2024-06-22 05:21:47;"Miedo";mi novia se volvió mi escape a ese sentimiento y eso me da temor... :(;['mi', 'novia', 'se', 'volvió', 'mi', 'escape', 'a', 'ese', 'sentimiento', 'y', 'eso', 'me', 'da', 'temor'];['novia', 'volver', 'escape', 'sentimiento', 'temor'];novia volver escape sentimiento temor;mi novia se volvió mi escape a ese sentimiento y eso me da temor... :(
tiktoker;https://www.tiktok.com/@user1tysjlj8am/video/7354011532155489541?comment_id=7384251870393123589;Ya llevo así más de un mes, y empeorando. 💀;2024-06-25 01:48:51;"Tristeza";Ya llevo así más de un mes, y empeorando. emoji_calavera;['ya', 'llevo', 'así', 'más', 'de', 'un', 'mes', 'y', 'empeorando', 'emoji_calavera'];['llevar', 'más', 'mes', 'empeorar', 'emoji_calavera'];llevar más mes empeorar emoji_calavera;Ya llevo así más de un mes, y empeorando. emoji_calavera
johana_lee;https://www.tiktok.com/@johana_lee/video/7354011532155489541?comment_id=7384299255156654854;llevo 7 meses así 😔🥀;2024-06-25 04:52:45;"Tristeza";llevo 7 meses así emoji_cara_desanimada emoji_flor_marchita;['llevo', '7', 'meses', 'así', 'emoji_cara_desanimada', 'emoji_flor_marchita'];['llevar', '7', 'mes', 'emoji_cara_desanimar', 'emoji_flor_marchito'];llevar 7 mes emoji_cara_desanimar emoji_flor_marchito;llevo 7 meses así emoji_cara_desanimada emoji_flor_marchita
Novia de Adrián;https://www.tiktok.com/@zami.jc0/video/7354011532155489541?comment_id=7384652062154785542;llevo 3 años así;2024-06-26 03:41:52;"Tristeza";llevo 3 años así;['llevo', '3', 'años', 'así'];['llevar', '3', 'año'];llevar 3 año;llevo 3 años así
MOLECOL;https://www.tiktok.com/@molecol/video/7354011532155489541?comment_id=7384698646924821253;tienen amigos 😅;2024-06-26 06:42:34;"Alegría";tienen amigos emoji_cara_sonriendo_con_sudor_frío;['tienen', 'amigos', 'emoji_cara_sonriendo_con_sudor_frío'];['amigo', 'emoji_cara_sonriendo_con_sudor_frío'];amigo emoji_cara_sonriendo_con_sudor_frío;tienen amigos emoji_cara_sonriendo_con_sudor_frío
M’ale;https://www.tiktok.com/@wttfmale/video/7354011532155489541?comment_id=7385841121563329286;yo no siento nada solo existo;2024-06-29 08:35:53;"Tristeza";yo no siento nada solo existo;['yo', 'no', 'siento', 'nada', 'solo', 'existo'];['no', 'sentir', 'nada', 'existo'];no sentir nada existo;yo no siento nada solo existo
Angelo;https://www.tiktok.com/@angelop_3/video/7354011532155489541?comment_id=7386263241141617414;😱😱😱;2024-06-30 11:53:57;"Sorpresa";emoji_cara_gritando_de_miedo emoji_cara_gritando_de_miedo emoji_cara_gritando_de_miedo;['emoji_cara_gritando_de_miedo', 'emoji_cara_gritando_de_miedo', 'emoji_cara_gritando_de_miedo'];['emoji_cara_gritando_de_miedo', 'emoji_cara_gritando_de_miedo', 'emoji_cara_gritando_de_miedo'];emoji_cara_gritando_de_miedo emoji_cara_gritando_de_miedo emoji_cara_gritando_de_miedo;emoji_cara_gritando_de_miedo emoji_cara_gritando_de_miedo emoji_cara_gritando_de_miedo
lahealthcoachcyn;https://www.tiktok.com/@lahealthcoachcyn/video/7354011532155489541?comment_id=7386565894396232453;❤️;2024-07-01 07:28:24;"Alegría";emoji_corazón_rojo;['emoji_corazón_rojo'];['emoji_corazón_rojo'];emoji_corazón_rojo;emoji_corazón_rojo
𝔾𝕒𝕓𝕪 💋;https://www.tiktok.com/@labella.ragazza/video/7354011532155489541?comment_id=7390813230241022725;llevo dos años 😊;2024-07-12 18:10:16;"Alegría";llevo dos años emoji_cara_feliz_con_ojos_sonrientes;['llevo', 'dos', 'años', 'emoji_cara_feliz_con_ojos_sonrientes'];['llevar', 'año', 'emoji_cara_feliz_con_ojos_sonrient'];llevar año emoji_cara_feliz_con_ojos_sonrient;llevo dos años emoji_cara_feliz_con_ojos_sonrientes
CaLeL;https://www.tiktok.com/@calel_j/video/7354011532155489541?comment_id=7398190163102368518;la mayoria se da cuenta cuando la persona ya se a suicidado;2024-08-01 15:16:27;"Ira";la mayoria se da cuenta cuando la persona ya se a suicidado;['la', 'mayoria', 'se', 'da', 'cuenta', 'cuando', 'la', 'persona', 'ya', 'se', 'a', 'suicidado'];['mayoria', 'persona', 'suicidado'];mayoria persona suicidado;la mayoria se da cuenta cuando la persona ya se a suicidado
🖤;https://www.tiktok.com/@ajma13/video/7354011532155489541?comment_id=7406916892110209797;yo tengo depresion desde niña, en todo el proceso de aprender. a vivir con ello a dia de hoy con el afan de protegerme me siento vacia sin alma;2024-08-25 03:40:41;"Tristeza";yo tengo depresion desde niña, en todo el proceso de aprender. a vivir con ello a dia de hoy con el afan de protegerme me siento vacia sin alma;['yo', 'tengo', 'depresion', 'desde', 'niña', 'en', 'todo', 'el', 'proceso', 'de', 'aprender', 'a', 'vivir', 'con', 'ello', 'a', 'dia', 'de', 'hoy', 'con', 'el', 'afan', 'de', 'protegerme', 'me', 'siento', 'vacia', 'sin', 'alma'];['depresion', 'niña', 'proceso', 'aprender', 'vivir', 'afan', 'protegerme', 'sentir', 'vacia', 'alma'];depresion niña proceso aprender vivir afan protegerme sentir vacia alma;yo tengo depresion desde niña, en todo el proceso de aprender. a vivir con ello a dia de hoy con el afan de protegerme me siento vacia sin alma
gustraitorrr;https://www.tiktok.com/@gustraitorrr/video/7354011532155489541?comment_id=7408408740138386181;2 semanas llevo como 6 años u.u;2024-08-29 04:09:48;"Tristeza";2 semanas llevo como 6 años u.u;['2', 'semanas', 'llevo', 'como', '6', 'años', 'u', 'u'];['2', 'semana', 'llevar', '6', 'año'];2 semana llevar 6 año;2 semanas llevo como 6 años u.u
Videos random;https://www.tiktok.com/@videos.random925/video/7354011532155489541?comment_id=7409815354866713377;voy luchando con eso ya 5 años y todos piensan que estoy loco o spu debil 😢;2024-09-01 23:08:14;"Tristeza";voy luchando con eso ya 5 años y todos piensan que estoy loco o spu debil emoji_cara_llorando;['voy', 'luchando', 'con', 'eso', 'ya', '5', 'años', 'y', 'todos', 'piensan', 'que', 'estoy', 'loco', 'o', 'spu', 'debil', 'emoji_cara_llorando'];['luchar', '5', 'año', 'pensar', 'loco', 'spu', 'debil', 'emoji_cara_llorar'];luchar 5 año pensar loco spu debil emoji_cara_llorar;voy luchando con eso ya 5 años y todos piensan que estoy loco o spu debil emoji_cara_llorando
Hansen 🖤;https://www.tiktok.com/@hansenanariba4/video/7354011532155489541?comment_id=7411615427660366598;Me siento triste y frustrado todos los días de mi vida y una tristeza horrible;2024-09-06 19:33:16;"Tristeza";Me siento triste y frustrado todos los días de mi vida y una tristeza horrible;['me', 'siento', 'triste', 'y', 'frustrado', 'todos', 'los', 'días', 'de', 'mi', 'vida', 'y', 'una', 'tristeza', 'horrible'];['sentir', 'triste', 'frustrado', 'vida', 'tristeza', 'horrible'];sentir triste frustrado vida tristeza horrible;Me siento triste y frustrado todos los días de mi vida y una tristeza horrible
fercho;https://www.tiktok.com/@ferchogym4/video/7354011532155489541?comment_id=7411703108621239046;mmm tengo un cuarto de presión;2024-09-07 01:13:33;"Tristeza";mmm tengo un cuarto de presión;['mmm', 'tengo', 'un', 'cuarto', 'de', 'presión'];['mmm', 'cuarto', 'presión'];mmm cuarto presión;mmm tengo un cuarto de presión
Tannya verdugo;https://www.tiktok.com/@tannyaverdugo/video/7354011532155489541?comment_id=7416562196266500869;😳😳😳;2024-09-20 03:29:23;"Tristeza";emoji_cara_sonrojada emoji_cara_sonrojada emoji_cara_sonrojada;['emoji_cara_sonrojada', 'emoji_cara_sonrojada', 'emoji_cara_sonrojada'];['emoji_cara_sonrojado', 'emoji_cara_sonrojado', 'emoji_cara_sonrojadar'];emoji_cara_sonrojado emoji_cara_sonrojado emoji_cara_sonrojadar;emoji_cara_sonrojada emoji_cara_sonrojada emoji_cara_sonrojada
Marketing | Diseños | Utah;https://www.tiktok.com/@isavpf/video/7354011532155489541?comment_id=7416833836770558750;Por eso nunca he entendido cómo la gente te dice “ya se te va a quitar” “cómo no estás feliz”, tomo escitalopram, tenía miedo de tomar eso pero leí un libro de autoayuda que no tiene optimismo tóxico;2024-09-20 21:03:28;"Miedo";Por eso nunca he entendido cómo la gente te dice “ya se te va a quitar” “cómo no estás feliz”, tomo escitalopram, tenía miedo de tomar eso pero leí un libro de autoayuda que no tiene optimismo tóxico;['por', 'eso', 'nunca', 'he', 'entendido', 'cómo', 'la', 'gente', 'te', 'dice', 'ya', 'se', 'te', 'va', 'a', 'quitar', 'cómo', 'no', 'estás', 'feliz', 'tomo', 'escitalopram', 'tenía', 'miedo', 'de', 'tomar', 'eso', 'pero', 'leí', 'un', 'libro', 'de', 'autoayuda', 'que', 'no', 'tiene', 'optimismo', 'tóxico'];['nunca', 'entender', 'gente', 'quitar', 'no', 'estar', 'feliz', 'tomo', 'escitalopram', 'miedo', 'tomar', 'leer', 'libro', 'autoayuda', 'no', 'optimismo', 'tóxico'];nunca entender gente quitar no estar feliz tomo escitalopram miedo tomar leer libro autoayuda no optimismo tóxico;Por eso nunca he entendido cómo la gente te dice “ya se te va a quitar” “cómo no estás feliz”, tomo escitalopram, tenía miedo de tomar eso pero leí un libro de autoayuda que no tiene optimismo tóxico
Jacqui Torres;https://www.tiktok.com/@jacquitorres13/video/7354011532155489541?comment_id=7421467507993166597;🥺;2024-10-03 08:44:32;"Tristeza";emoji_cara_suplicante;['emoji_cara_suplicante'];['emoji_cara_suplicante'];emoji_cara_suplicante;emoji_cara_suplicante
Makel_arvac16🇧🇴🇧🇷;https://www.tiktok.com/@makel_arvac16/video/7354011532155489541?comment_id=7425037594423411462;ayer salí con mis amigos y no sentía nada ni siquiera me reí;2024-10-12 23:38:15;"Tristeza";ayer salí con mis amigos y no sentía nada ni siquiera me reí;['ayer', 'salí', 'con', 'mis', 'amigos', 'y', 'no', 'sentía', 'nada', 'ni', 'siquiera', 'me', 'reí'];['ayer', 'salí', 'amigo', 'no', 'sentir', 'nada', 'ni', 'siquiera', 'reí'];ayer salí amigo no sentir nada ni siquiera reí;ayer salí con mis amigos y no sentía nada ni siquiera me reí
Juvi;https://www.tiktok.com/@ju4201305/video/7354011532155489541?comment_id=7428803612094432005;😳😳😳;2024-10-23 03:12:20;"Tristeza";emoji_cara_sonrojada emoji_cara_sonrojada emoji_cara_sonrojada;['emoji_cara_sonrojada', 'emoji_cara_sonrojada', 'emoji_cara_sonrojada'];['emoji_cara_sonrojado', 'emoji_cara_sonrojado', 'emoji_cara_sonrojadar'];emoji_cara_sonrojado emoji_cara_sonrojado emoji_cara_sonrojadar;emoji_cara_sonrojada emoji_cara_sonrojada emoji_cara_sonrojada
🖇️🚶🏻Yam;https://www.tiktok.com/@dulcebtz7/video/7354011532155489541?comment_id=7436991057760928567;🥰🥰🥰;2024-11-14 04:44:15;"Alegría";emoji_cara_sonriendo_con_corazones emoji_cara_sonriendo_con_corazones emoji_cara_sonriendo_con_corazones;['emoji_cara_sonriendo_con_corazones', 'emoji_cara_sonriendo_con_corazones', 'emoji_cara_sonriendo_con_corazones'];['emoji_cara_sonriendo_con_corazón', 'emoji_cara_sonriendo_con_corazón', 'emoji_cara_sonriendo_con_corazón'];emoji_cara_sonriendo_con_corazón emoji_cara_sonriendo_con_corazón emoji_cara_sonriendo_con_corazón;emoji_cara_sonriendo_con_corazones emoji_cara_sonriendo_con_corazones emoji_cara_sonriendo_con_corazones
caarmensb;https://www.tiktok.com/@caarmensb/video/7354011532155489541?comment_id=7442237461881324321;😍😍😍;2024-11-28 08:03:30;"Alegría";emoji_cara_sonriendo_con_ojos_de_corazón emoji_cara_sonriendo_con_ojos_de_corazón emoji_cara_sonriendo_con_ojos_de_corazón;['emoji_cara_sonriendo_con_ojos_de_corazón', 'emoji_cara_sonriendo_con_ojos_de_corazón', 'emoji_cara_sonriendo_con_ojos_de_corazón'];['emoji_cara_sonriendo_con_ojos_de_corazón', 'emoji_cara_sonriendo_con_ojos_de_corazón', 'emoji_cara_sonriendo_con_ojos_de_corazón'];emoji_cara_sonriendo_con_ojos_de_corazón emoji_cara_sonriendo_con_ojos_de_corazón emoji_cara_sonriendo_con_ojos_de_corazón;emoji_cara_sonriendo_con_ojos_de_corazón emoji_cara_sonriendo_con_ojos_de_corazón emoji_cara_sonriendo_con_ojos_de_corazón
tu Papi 😍;https://www.tiktok.com/@gta_dani1/video/7354011532155489541?comment_id=7448830699803443973;😔😔😔;2024-12-16 02:27:56;"Tristeza";emoji_cara_desanimada emoji_cara_desanimada emoji_cara_desanimada;['emoji_cara_desanimada', 'emoji_cara_desanimada', 'emoji_cara_desanimada'];['emoji_cara_desanimar', 'emoji_cara_desanimada', 'emoji_cara_desanimada'];emoji_cara_desanimar emoji_cara_desanimada emoji_cara_desanimada;emoji_cara_desanimada emoji_cara_desanimada emoji_cara_desanimada
tu Papi 😍;https://www.tiktok.com/@gta_dani1/video/7354011532155489541?comment_id=7448831191287186181;🥰;2024-12-16 02:29:47;"Alegría";emoji_cara_sonriendo_con_corazones;['emoji_cara_sonriendo_con_corazones'];['emoji_cara_sonriendo_con_corazón'];emoji_cara_sonriendo_con_corazón;emoji_cara_sonriendo_con_corazones
🇨🇱;https://www.tiktok.com/@hola_comoestan1.0/video/7354011532155489541?comment_id=7453618735032124166;si yo me corto con cuchillos es depresión sentirme feliz pero cuando me calmo y me pongo a pensar en cualquier de repente me pongo triste y a sentirme triste y pensar como ☠️a mi misma es depresión?;2024-12-29 00:07:54;"Tristeza";si yo me corto con cuchillos es depresión sentirme feliz pero cuando me calmo y me pongo a pensar en cualquier de repente me pongo triste y a sentirme triste y pensar como emoji_calavera_y_huesos_cruzados a mi misma es depresión?;['si', 'yo', 'me', 'corto', 'con', 'cuchillos', 'es', 'depresión', 'sentirme', 'feliz', 'pero', 'cuando', 'me', 'calmo', 'y', 'me', 'pongo', 'a', 'pensar', 'en', 'cualquier', 'de', 'repente', 'me', 'pongo', 'triste', 'y', 'a', 'sentirme', 'triste', 'y', 'pensar', 'como', 'emoji_calavera_y_huesos_cruzados', 'a', 'mi', 'misma', 'es', 'depresión', 'interrogacion'];['si', 'cortar', 'cuchillo', 'depresión', 'sentir yo', 'feliz', 'calmar', 'poner', 'pensar', 'poner', 'triste', 'sentir yo', 'triste', 'pensar', 'emoji_calavera_y_huesos_cruzado', 'depresión', 'interrogacion'];si cortar cuchillo depresión sentir yo feliz calmar poner pensar poner triste sentir yo triste pensar emoji_calavera_y_huesos_cruzado depresión interrogacion;si yo me corto con cuchillos es depresión sentirme feliz pero cuando me calmo y me pongo a pensar en cualquier de repente me pongo triste y a sentirme triste y pensar como emoji_calavera_y_huesos_cruzados a mi misma es depresión?
julioantoniopizan;https://www.tiktok.com/@julioantoniopizan/video/7354011532155489541?comment_id=7455896401995088646;😂;2025-01-04 03:26:21;"Alegría";emoji_cara_llorando_de_risa;['emoji_cara_llorando_de_risa'];['emoji_cara_llorando_de_risa'];emoji_cara_llorando_de_risa;emoji_cara_llorando_de_risa
sebastian;https://www.tiktok.com/@sebas_millan.ariza/video/7354011532155489541?comment_id=7461122464060736261;🥰;2025-01-18 05:26:32;"Alegría";emoji_cara_sonriendo_con_corazones;['emoji_cara_sonriendo_con_corazones'];['emoji_cara_sonriendo_con_corazón'];emoji_cara_sonriendo_con_corazón;emoji_cara_sonriendo_con_corazones
andreadelgadob;https://www.tiktok.com/@andreadelgadob/video/7354011532155489541?comment_id=7462958283608785669;😞;2025-01-23 04:10:32;"Tristeza";emoji_cara_decepcionada;['emoji_cara_decepcionada'];['emoji_cara_decepcionar'];emoji_cara_decepcionar;emoji_cara_decepcionada
Yours ever;https://www.tiktok.com/@yoursever..hill/video/7354011532155489541?comment_id=7489654205314106119;💔;2025-04-05 02:43:46;"Tristeza";emoji_corazón_roto;['emoji_corazón_roto'];['emoji_corazón_roto'];emoji_corazón_roto;emoji_corazón_roto
Yasiry Taliza González Hernánd;https://www.tiktok.com/@yasiry.taliza.gon/video/7354011532155489541?comment_id=7504189130529424134;♥️;2025-05-14 06:47:40;"Alegría";emoji_palo_de_corazones;['emoji_palo_de_corazones'];['emoji_palo_de_corazón'];emoji_palo_de_corazón;emoji_palo_de_corazones
Yasiry Taliza González Hernánd;https://www.tiktok.com/@yasiry.taliza.gon/video/7354011532155489541?comment_id=7504189242944422662;💔;2025-05-14 06:47:44;"Tristeza";emoji_corazón_roto;['emoji_corazón_roto'];['emoji_corazón_roto'];emoji_corazón_roto;emoji_corazón_roto
Yasiry Taliza González Hernánd;https://www.tiktok.com/@yasiry.taliza.gon/video/7354011532155489541?comment_id=7504189122581611270;♥️;2025-05-14 06:47:46;"Alegría";emoji_palo_de_corazones;['emoji_palo_de_corazones'];['emoji_palo_de_corazón'];emoji_palo_de_corazón;emoji_palo_de_corazones
Yasiry Taliza González Hernánd;https://www.tiktok.com/@yasiry.taliza.gon/video/7354011532155489541?comment_id=7504189224498365239;😍;2025-05-14 06:47:49;"Alegría";emoji_cara_sonriendo_con_ojos_de_corazón;['emoji_cara_sonriendo_con_ojos_de_corazón'];['emoji_cara_sonriendo_con_ojos_de_corazón'];emoji_cara_sonriendo_con_ojos_de_corazón;emoji_cara_sonriendo_con_ojos_de_corazón
Florcita1979;https://www.tiktok.com/@florcitacarp1979/video/7354011532155489541?comment_id=7504791121412981509;😁;2025-05-15 21:43:06;"Alegría";emoji_cara_radiante_con_ojos_sonrientes;['emoji_cara_radiante_con_ojos_sonrientes'];['emoji_cara_radiante_con_ojos_sonrient'];emoji_cara_radiante_con_ojos_sonrient;emoji_cara_radiante_con_ojos_sonrientes
𝐝𝐞𝐧𝐢;https://www.tiktok.com/@denisezro/video/7354011532155489541?comment_id=7508347621963465477;dejen de relacionar la tristeza visible con la depresión, tener depresión no siempre es visible o es estar siempre triste y que se note;2025-05-25 11:43:42;"Ira";dejen de relacionar la tristeza visible con la depresión, tener depresión no siempre es visible o es estar siempre triste y que se note;['dejen', 'de', 'relacionar', 'la', 'tristeza', 'visible', 'con', 'la', 'depresión', 'tener', 'depresión', 'no', 'siempre', 'es', 'visible', 'o', 'es', 'estar', 'siempre', 'triste', 'y', 'que', 'se', 'note'];['dejar', 'relacionar', 'tristeza', 'visible', 'depresión', 'depresión', 'no', 'siempre', 'visible', 'siempre', 'triste', 'notar'];dejar relacionar tristeza visible depresión depresión no siempre visible siempre triste notar;dejen de relacionar la tristeza visible con la depresión, tener depresión no siempre es visible o es estar siempre triste y que se note
alex_;https://www.tiktok.com/@spam184881/video/7354011532155489541?comment_id=7512548336659448606;tenemos la idea de que la depresión es solo tristeza no todas las personas sienten tristeza a veces puede estar disfrazada de enojo frustración irritabilidad;2025-06-05 19:24:48;"Ira";tenemos la idea de que la depresión es solo tristeza no todas las personas sienten tristeza a veces puede estar disfrazada de enojo frustración irritabilidad;['tenemos', 'la', 'idea', 'de', 'que', 'la', 'depresión', 'es', 'solo', 'tristeza', 'no', 'todas', 'las', 'personas', 'sienten', 'tristeza', 'a', 'veces', 'puede', 'estar', 'disfrazada', 'de', 'enojo', 'frustración', 'irritabilidad'];['idea', 'depresión', 'tristeza', 'no', 'persona', 'sentir', 'tristeza', 'disfrazado', 'enojo', 'frustración', 'irritabilidad'];idea depresión tristeza no persona sentir tristeza disfrazado enojo frustración irritabilidad;tenemos la idea de que la depresión es solo tristeza no todas las personas sienten tristeza a veces puede estar disfrazada de enojo frustración irritabilidad
andy ۫ ꣑ৎ;https://www.tiktok.com/@fridaylooq/video/7354011532155489541?comment_id=7514785052288598792;a mí me pasa algo bueno o no tan malo y me pongo triste, hay algo que me gusta y lo estoy, siento tristeza todo el tiempo, tengo ganas de llorar siempre no importa que me pase sea bueno o malo siento tanta tristeza todos los días;2025-06-11 20:04:14;"Tristeza";a mí me pasa algo bueno o no tan malo y me pongo triste, hay algo que me gusta y lo estoy, siento tristeza todo el tiempo, tengo ganas de llorar siempre no importa que me pase sea bueno o malo siento tanta tristeza todos los días;['a', 'mí', 'me', 'pasa', 'algo', 'bueno', 'o', 'no', 'tan', 'malo', 'y', 'me', 'pongo', 'triste', 'hay', 'algo', 'que', 'me', 'gusta', 'y', 'lo', 'estoy', 'siento', 'tristeza', 'todo', 'el', 'tiempo', 'tengo', 'ganas', 'de', 'llorar', 'siempre', 'no', 'importa', 'que', 'me', 'pase', 'sea', 'bueno', 'o', 'malo', 'siento', 'tanta', 'tristeza', 'todos', 'los', 'días'];['pasar', 'bueno', 'no', 'malo', 'poner', 'triste', 'gustar', 'siento', 'tristeza', 'tiempo', 'gana', 'llorar', 'siempre', 'no', 'importar', 'pasar', 'bueno', 'malo', 'sentir', 'tanto', 'tristeza'];pasar bueno no malo poner triste gustar siento tristeza tiempo gana llorar siempre no importar pasar bueno malo sentir tanto tristeza;a mí me pasa algo bueno o no tan malo y me pongo triste, hay algo que me gusta y lo estoy, siento tristeza todo el tiempo, tengo ganas de llorar siempre no importa que me pase sea bueno o malo siento tanta tristeza todos los días
Alee.;https://www.tiktok.com/@hasbeck.luciano/video/7354011532155489541?comment_id=7520669559126541072;tenemos tan poco normalizado estar tristes que cuando lo estamos la gente piensa que es un problema, permitirse no estar bien aveces también es salud mental;2025-06-27 16:39:11;"Ira";tenemos tan poco normalizado estar tristes que cuando lo estamos la gente piensa que es un problema, permitirse no estar bien aveces también es salud mental;['tenemos', 'tan', 'poco', 'normalizado', 'estar', 'tristes', 'que', 'cuando', 'lo', 'estamos', 'la', 'gente', 'piensa', 'que', 'es', 'un', 'problema', 'permitirse', 'no', 'estar', 'bien', 'aveces', 'también', 'es', 'salud', 'mental'];['poco', 'normalizado', 'trist', 'gente', 'pensar', 'problema', 'permitir él', 'no', 'bien', 'avez', 'salud', 'mental'];poco normalizado trist gente pensar problema permitir él no bien avez salud mental;tenemos tan poco normalizado estar tristes que cuando lo estamos la gente piensa que es un problema, permitirse no estar bien aveces también es salud mental
𝓐𝓵𝓮𝔁𝓲𝓪🤍;https://www.tiktok.com/@alexiadavalos_/video/7354011532155489541?comment_id=7532758652655059718;😍;2025-07-30 06:31:04;"Alegría";emoji_cara_sonriendo_con_ojos_de_corazón;['emoji_cara_sonriendo_con_ojos_de_corazón'];['emoji_cara_sonriendo_con_ojos_de_corazón'];emoji_cara_sonriendo_con_ojos_de_corazón;emoji_cara_sonriendo_con_ojos_de_corazón
Adriana Huanca;https://www.tiktok.com/@adrianahuanca4/video/7354011532155489541?comment_id=7535687513009652487;🥰;2025-08-07 03:56:22;"Alegría";emoji_cara_sonriendo_con_corazones;['emoji_cara_sonriendo_con_corazones'];['emoji_cara_sonriendo_con_corazón'];emoji_cara_sonriendo_con_corazón;emoji_cara_sonriendo_con_corazones
fornais;https://www.tiktok.com/@krikri__1/video/7354011532155489541?comment_id=7552764199015203640;🥰;2025-09-22 04:23:02;"Alegría";emoji_cara_sonriendo_con_corazones;['emoji_cara_sonriendo_con_corazones'];['emoji_cara_sonriendo_con_corazón'];emoji_cara_sonriendo_con_corazón;emoji_cara_sonriendo_con_corazones
Andara Garcia;https://www.tiktok.com/@andaragarcia4/video/7354011532155489541?comment_id=7554489461523989279;😂😂😂;2025-09-26 19:57:54;"Alegría";emoji_cara_llorando_de_risa emoji_cara_llorando_de_risa emoji_cara_llorando_de_risa;['emoji_cara_llorando_de_risa', 'emoji_cara_llorando_de_risa', 'emoji_cara_llorando_de_risa'];['emoji_cara_llorando_de_risa', 'emoji_cara_llorando_de_risa', 'emoji_cara_llorando_de_risa'];emoji_cara_llorando_de_risa emoji_cara_llorando_de_risa emoji_cara_llorando_de_risa;emoji_cara_llorando_de_risa emoji_cara_llorando_de_risa emoji_cara_llorando_de_risa
mmgalch;https://www.tiktok.com/@bymerchegc/video/7354011532155489541?comment_id=7559389473710293782;🙏🏻;2025-10-10 00:53:28;"Alegría";emoji_manos_en_oración_tono_de_piel_claro;['emoji_manos_en_oración_tono_de_piel_claro'];['emoji_manos_en_oración_tono_de_piel_claro'];emoji_manos_en_oración_tono_de_piel_claro;emoji_manos_en_oración_tono_de_piel_claro
Sol Bulacio;https://www.tiktok.com/@solyoutube24/video/7354011532155489541?comment_id=7584074497650803467;Ojalá la gente lo entendiera;2025-12-15 13:22:37;"Tristeza";Ojalá la gente lo entendiera;['ojalá', 'la', 'gente', 'lo', 'entendiera'];['ojalá', 'gente', 'entendiero'];ojalá gente entendiero;Ojalá la gente lo entendiera
